[{"inputs":[{"internalType":"address","name":"_tokenAddress","type":"address"},{"internalType":"address","name":"_owner","type":"address"},{"internalType":"uint256","name":"_tokensPerUSDT","type":"uint256"}],"stateMutability":"nonpayable","type":"constructor"},{"inputs":[{"internalType":"uint256","name":"_USDTAmount","type":"uint256"}],"name":"buyWithUSDT","outputs":[],"stateMutability":"nonpayable","type":"function"},{"inputs":[],"name":"endPreSale","outputs":[],"stateMutability":"nonpayable","type":"function"},{"inputs":[],"name":"perSaleOwner","outputs":[{"internalType":"address","name":"","type":"address"}],"stateMutability":"view","type":"function"},{"inputs":[{"internalType":"address","name":"tokenToRecover","type":"address"}],"name":"recoverTokens","outputs":[],"stateMutability":"nonpayable","type":"function"},{"inputs":[],"name":"token","outputs":[{"internalType":"contract IERC20","name":"","type":"address"}],"stateMutability":"view","type":"function"},{"inputs":[],"name":"tokensPerUSDT","outputs":[{"internalType":"uint256","name":"","type":"uint256"}],"stateMutability":"view","type":"function"},{"inputs":[{"internalType":"uint256","name":"newTokensPerUSDT","type":"uint256"}],"name":"updateRate","outputs":[],"stateMutability":"nonpayable","type":"function"}]